epoch,d_loss,g_loss,psnr
0,0,0,-0.0849015972134911
1,0,0,-0.07891121717905156
2,0,0,0.02231788485386172
3,0,0,0.045814606667092625
4,0,0,0.15247213763835943
5,0,0,0.2074860316011498
6,0,0,0.27818125014538697
7,0,0,0.312587940786685
8,0,0,0.3822580195620137
9,0,0,0.40903811394406936
10,0,0,0.41289264909514045
11,0,0,0.44743467879391036
12,0,0,0.4658580836023143
13,0,0,0.5036604271322016
14,0,0,0.5470292160893282
15,0,0,0.5278196166076801
16,0,0,0.5776784711272305
17,0,0,0.6009970413465949
18,0,0,0.6110725030453881
19,0,0,0.6272456683589072
20,0,0,0.6884369530622751
21,0,0,0.7217829715513615
22,0,0,0.7462294855540469
23,0,0,0.7768169585179143
24,0,0,0.7516647443232323
25,0,0,0.8070010218943473
26,0,0,0.8614574591859845
27,0,0,0.8843418960595111
28,0,0,0.9384523697110785
29,0,0,0.9968014332236458
30,0,0,1.0094650033082373
31,0,0,1.058020364424284
32,0,0,1.0634044261285553
33,0,0,1.1232780449408806
34,0,0,1.2015242026588406
35,0,0,1.2128366831893806
36,0,0,1.2733436505881306
37,0,0,1.333212991795635
38,0,0,1.408211809897405
39,0,0,1.4358701544038597
40,0,0,1.5218256183219467
41,0,0,1.5751348822753375
42,0,0,1.6324442096117857
43,0,0,1.6665493390752293
44,0,0,1.7029768181315652
45,0,0,1.8393596535169086
46,0,0,1.928710582263431
47,0,0,1.9533128827314619
48,0,0,2.028907529248054
49,0,0,1.9760205527394783
50,0,0,2.106154963552351
51,0,0,2.1459500712811534
52,0,0,2.297131280609764
53,0,0,2.408588465868309
54,0,0,2.4373662536251817
55,0,0,2.4505531520609476
56,0,0,2.4247187112745743
57,0,0,2.612237102650502
58,0,0,2.6932047241017854
59,0,0,2.7650196629805093
60,0,0,2.8968986041751235
61,0,0,2.996174201542555
62,0,0,2.9827902381185476
63,0,0,3.0362050472226554
64,0,0,3.0453435306522945
65,0,0,3.257868839836987
66,0,0,3.353516534047056
67,0,0,3.333369218153771
68,0,0,3.412618320110014
69,0,0,3.4617543843658147
70,0,0,3.4958978784892953
71,0,0,3.572969299624549
72,0,0,3.415544640994046
73,0,0,3.6129281764511623
74,0,0,3.6717075869628872
75,0,0,3.5711209528949612
76,0,0,3.7051995035334073
77,0,0,3.8669015978057617
78,0,0,4.026750258588717
79,0,0,3.850167148657655
80,0,0,3.9495922836971276
81,0,0,3.9524832483500605
82,0,0,3.9806359292392224
83,0,0,4.163220072332508
84,0,0,4.1694062899934385
85,0,0,4.073791682548481
86,0,0,3.9833228701591405
87,0,0,4.406044355069469
88,0,0,4.257000500209787
89,0,0,4.215233326911413
90,0,0,4.571372946927829
91,0,0,4.632429283520576
92,0,0,4.503757700050811
93,0,0,4.424593825308745
94,0,0,4.782981485311001
95,0,0,4.552754366667571
96,0,0,4.680877047241458
97,0,0,4.694034293936959
98,0,0,4.478408546699488
99,0,0,4.720471663312687
100,0,0,4.898380140360345
101,0,0,4.634313464370056
102,0,0,4.979153681891486
103,0,0,4.954872125246615
104,0,0,4.485070593288192
105,0,0,5.215586106468859
106,0,0,4.664168964215235
107,0,0,5.041532086288302
108,0,0,5.140545904305195
109,0,0,4.816508422325435
110,0,0,4.497215316851338
111,0,0,4.856996698701791
112,0,0,5.572805324726384
113,0,0,5.1715674524634885
114,0,0,4.673516947696372
115,0,0,4.873935651969193
116,0,0,5.08851204462303
117,0,0,4.868166180835051
118,0,0,4.919108998411562
119,0,0,4.812228309787353
120,0,0,5.4552301819874796
121,0,0,5.209983493964025
122,0,0,5.090658404313221
123,0,0,5.3257524245923324
124,0,0,5.223754944864618
125,0,0,5.314629249854679
126,0,0,5.065134283409937
127,0,0,5.501728370258556
128,0,0,5.358388365610367
129,0,0,5.24937522303487
130,0,0,4.735483008424614
131,0,0,5.663473737226992
132,0,0,5.114811402094782
133,0,0,5.6231644203641675
134,0,0,5.452363078070444
135,0,0,5.634800714422151
136,0,0,5.073381449779379
137,0,0,5.507566431551716
138,0,0,5.695316930595774
139,0,0,5.330238389445951
140,0,0,5.562056669788243
141,0,0,5.4682363159755205
142,0,0,5.7874538233656905
143,0,0,4.965874981634095
144,0,0,5.673265915651076
145,0,0,5.637484649000904
146,0,0,5.4703261528899745
147,0,0,6.167458793443508
148,0,0,5.512694710329589
149,0,0,5.511475269034072
150,0,0,5.950660493953128
151,0,0,5.208968970875327
152,0,0,5.580053105986122
153,0,0,5.601700062118159
154,0,0,5.692234118948574
155,0,0,5.40437373013887
156,0,0,5.646929506393046
157,0,0,5.713155146430867
158,0,0,6.131631171005393
159,0,0,5.6648887817021425
160,0,0,5.705835594543068
161,0,0,6.005372556390619
162,0,0,5.913153772498152
163,0,0,5.351359819469134
164,0,0,5.527637150300665
165,0,0,5.530670018998052
166,0,0,5.632787430950953
167,0,0,6.417983424664722
168,0,0,5.8808819468965865
169,0,0,5.704035549225557
170,0,0,6.26261718752585
171,0,0,6.257364062085275
172,0,0,6.503291811673613
173,0,0,5.886766016086863
174,0,0,6.286643842278142
175,0,0,6.1103480762191
176,0,0,5.539869412099013
177,0,0,6.519739263582291
178,0,0,5.681532345895914
179,0,0,6.0059137768733155
180,0,0,5.556475724772336
181,0,0,5.998448412166921
182,0,0,6.057793782419037
183,0,0,6.084821012278781
184,0,0,6.127665736497371
185,0,0,6.170058745407384
186,0,0,5.982642966728232
187,0,0,6.880003902805846
188,0,0,6.305602473049792
189,0,0,6.009171295016776
190,0,0,6.33744829616755
191,0,0,6.330360814054957
192,0,0,6.133216605815295
193,0,0,5.91416352067453
194,0,0,6.0072137038592395
195,0,0,6.685275208763452
196,0,0,5.788931939893969
197,0,0,6.498599747105297
198,0,0,6.490393024583456
199,0,0,6.326161194730626
200,0,0,6.295605758718857
201,0,0,6.980405866642511
202,0,0,6.55924767784732
203,0,0,6.980093972985678
204,0,0,5.732545843653049
205,0,0,6.535761599810516
206,0,0,6.175865037468041
207,0,0,6.416337639871379
208,0,0,7.1494805475572845
209,0,0,6.369016610841229
210,0,0,6.5562860379157994
211,0,0,6.8341551132610014
212,0,0,6.349556349920077
213,0,0,6.883738235199051
214,0,0,6.706783746648311
215,0,0,6.101685666087583
216,0,0,6.899763999677928
217,0,0,6.160698226782309
218,0,0,6.5007459370797935
219,0,0,6.6659925042564865
220,0,0,7.112100780444839
221,0,0,7.209501452877044
222,0,0,6.863444422069669
223,0,0,6.7094855070903945
224,0,0,7.6054314122017095
225,0,0,6.906826469402637
226,0,0,6.567842293739387
227,0,0,6.873589398665456
228,0,0,6.038567203326605
229,0,0,7.155605026669871
230,0,0,7.6290165613864716
231,0,0,6.39451398373337
232,0,0,6.667194304574151
233,0,0,6.976911420000706
234,0,0,6.998353536835873
235,0,0,6.768908456230248
236,0,0,7.724221993941849
237,0,0,6.771674388598111
238,0,0,7.169963895830138
239,0,0,7.267580551299686
240,0,0,6.525995817194076
241,0,0,6.758764873750823
242,0,0,6.571545271399062
243,0,0,6.564334046850399
244,0,0,6.827204757261709
245,0,0,6.734724532924352
246,0,0,7.251616777111183
247,0,0,6.795816427275538
248,0,0,7.1196524599732625
249,0,0,7.595434577762412
250,0,0,6.850847519297335
251,0,0,8.090282179531657
252,0,0,7.286880139983623
253,0,0,7.318971251962967
254,0,0,7.1295785368961315
255,0,0,6.845912818504779
256,0,0,7.530970515638058
257,0,0,6.9913071474461095
258,0,0,7.351491516897667
259,0,0,7.2817897011192905
260,0,0,6.911916089419731
261,0,0,7.857901773961248
262,0,0,7.35969069370218
263,0,0,7.358183956870291
264,0,0,7.313479106969818
265,0,0,7.178529331984535
266,0,0,7.7064792932582735
267,0,0,7.454294825114287
268,0,0,7.47447171241468
269,0,0,7.969896459752748
270,0,0,8.140604861883865
271,0,0,7.453395366124323
272,0,0,7.971390589787312
273,0,0,7.325266243454724
274,0,0,8.05862665831447
275,0,0,8.24900640979888
276,0,0,8.05027239490328
277,0,0,7.249567497267178
278,0,0,8.391216649021105
279,0,0,7.66922407315618
280,0,0,7.764165285387074
281,0,0,6.875932340346601
282,0,0,7.302849453742763
283,0,0,7.633974336639625
284,0,0,7.271249662631522
285,0,0,7.47143666619408
286,0,0,8.373123599984984
287,0,0,7.9664615860373065
288,0,0,7.773528331341495
289,0,0,7.842184709201234
290,0,0,7.744712496318396
291,0,0,7.853469330294106
292,0,0,8.039069321295516
293,0,0,8.222189865905131
294,0,0,7.786935115238908
295,0,0,7.529264318792826
296,0,0,8.343820894872618
297,0,0,8.33189498565539
298,0,0,8.000840072494784
299,0,0,8.480417673489956
300,0,0,9.15932070261687
301,0,0,8.055747470742386
302,0,0,8.342098904111891
303,0,0,7.786311565471381
304,0,0,8.002851103723776
305,0,0,8.547055968498135
306,0,0,8.098359633693683
307,0,0,8.667715726816411
308,0,0,8.466850278824772
309,0,0,8.446597788033428
310,0,0,8.290535842211472
311,0,0,8.060212081235198
312,0,0,8.364777581121876
313,0,0,7.7756795251400455
314,0,0,8.202461602523961
315,0,0,8.032332361812198
316,0,0,8.226037039032443
317,0,0,8.650923178283138
318,0,0,8.704075207872721
319,0,0,8.583771738540944
320,0,0,8.708518745706183
321,0,0,7.587659956326698
322,0,0,8.41208956820312
323,0,0,8.336333418002702
324,0,0,7.574640298249141
325,0,0,7.878339081625642
326,0,0,8.980485594530505
327,0,0,8.93038373666052
328,0,0,8.449848748344072
329,0,0,8.691353013198771
330,0,0,8.19316584240667
331,0,0,9.245246287813876
332,0,0,8.586153045007745
333,0,0,8.760572281876703
334,0,0,8.89351471131955
335,0,0,9.173814788252695
336,0,0,8.770345389169105
337,0,0,8.593779483953574
338,0,0,7.960760361507619
339,0,0,8.697663181905341
340,0,0,8.697850183237033
341,0,0,8.827023836569241
342,0,0,8.268241006922706
343,0,0,8.604741864949494
344,0,0,8.730058964145552
345,0,0,8.95661244529842
346,0,0,8.705424747805989
347,0,0,8.301606179717218
348,0,0,8.979286231601037
349,0,0,9.49092957401413
350,0,0,7.96016354250959
351,0,0,8.865623316637759
352,0,0,8.18726205792762
353,0,0,8.536324908518369
354,0,0,9.064668856564293
355,0,0,8.404230351742411
356,0,0,7.897776511804988
357,0,0,8.595533985630551
358,0,0,8.387149871819956
359,0,0,9.467191337333823
360,0,0,8.469310246644868
361,0,0,9.119712107981057
362,0,0,8.409543779778964
363,0,0,8.656671330509923
364,0,0,8.072142825854568
365,0,0,9.183522151274836
366,0,0,8.406312975372375
367,0,0,8.31362025882069
368,0,0,9.408193530594048
369,0,0,8.320032504170914
370,0,0,7.9928378588194615
371,0,0,8.109878551515607
372,0,0,8.066467520151363
373,0,0,9.295215255430104
374,0,0,8.428311784051122
375,0,0,8.082047031290928
376,0,0,8.768331207854
377,0,0,9.194904470519626
378,0,0,8.572904958900674
379,0,0,8.82113172476726
380,0,0,8.723972198351417
381,0,0,7.921034724182583
382,0,0,9.396312533176518
383,0,0,8.022697552712511
384,0,0,9.40580914191735
385,0,0,8.876261948455323
386,0,0,9.252033089238044
387,0,0,9.092446555506884
388,0,0,9.022091013277903
389,0,0,8.829286841139378
390,0,0,9.24456019637111
391,0,0,8.411106892976111
392,0,0,8.466047418480105
393,0,0,8.984664461062323
394,0,0,8.567868680143206
395,0,0,8.577314166904971
396,0,0,9.492728887550706
397,0,0,9.16054736673619
398,0,0,9.075116364712905
399,0,0,8.915867672229131
400,0,0,9.151981559971043
401,-0.23039618134498596,0,9.383243978684707
402,-0.008996885269880295,0,8.90302438039014
403,-0.5909956097602844,0,8.812344457029411
404,-0.9286525249481201,0,8.796022098891479
405,-1.4285533428192139,0,9.54012360044841
406,-2.1020822525024414,0,9.273260644404612
407,-1.2278159856796265,0,8.701174876361357
408,-2.576246976852417,0,9.572459978491832
409,-1.8994693756103516,0,8.681446308136424
410,-3.6570026874542236,0,9.035930354997927
411,-5.097700595855713,0,9.06057679019061
412,-4.095643043518066,0,9.3267351645256
413,-2.062425374984741,0,9.111549949121912
414,-4.78840446472168,0,9.836305490759862
415,-5.359857559204102,0,8.726544600953277
416,-6.1687469482421875,0,8.595745210439357
417,-4.04079532623291,0,9.527833994545727
418,-6.118692398071289,0,8.959982928533403
419,-6.349215030670166,0,8.876555229087717
420,-4.276060581207275,0,8.588809202113547
421,-6.646782875061035,-1.2523407936096191,9.16522333336833
422,-5.347620010375977,-1.6783841848373413,8.542367379744494
423,-7.004854202270508,-1.1678063869476318,9.158465442747355
424,-5.55061149597168,-4.368782997131348,8.591782359381078
425,-7.07951021194458,-3.603377103805542,7.795231710414676
426,-8.027825355529785,-2.750187635421753,7.637172115182446
427,-4.536555290222168,-3.5638160705566406,8.230683296755567
428,-7.314399242401123,-1.5654468536376953,8.219197206867616
429,-8.291925430297852,-2.1829333305358887,8.110028060733882
430,-6.014467239379883,0.4051322340965271,7.9864501877821406
431,-5.957383155822754,-2.7010626792907715,8.370691263426265
432,-8.653875350952148,-0.6072999835014343,8.513992320056452
433,-6.815644264221191,-0.7416374683380127,8.639957782654935
434,-6.441984176635742,-0.2216336876153946,8.39068363346816
435,-6.33355712890625,-0.3790264129638672,8.426586152423523
436,-7.5564775466918945,0.3788100481033325,9.275177354377021
437,-3.878715991973877,0.6045771837234497,8.819115552340048
438,-3.706615924835205,-0.808404266834259,8.33036452496031
439,-7.0690436363220215,-0.6440989971160889,9.130266284831658
440,-5.945605754852295,-0.422587126493454,8.632693415900595
441,-7.5295915603637695,-4.033056735992432,8.417364078782409
442,-2.83450984954834,-0.3085477352142334,8.929107097051478
443,-6.118959426879883,-0.1797257363796234,7.765202650392352
444,-4.582334995269775,1.5157644748687744,8.153023596398043
445,-6.152465343475342,-0.8434475660324097,8.555382359223149
446,-4.959419250488281,-0.6305978298187256,8.652392481435298
447,-5.392062187194824,0.9703407883644104,8.025001683055061
448,-7.384395122528076,0.08863011747598648,7.778713320923551
449,-5.101528644561768,-1.3295882940292358,7.579250222939706
450,-6.650546073913574,-0.041558265686035156,7.578209274695281
451,-5.206577301025391,0.040818050503730774,7.974519220347971
452,-4.822096824645996,0.19400161504745483,7.920377189194006
453,-5.503166198730469,1.9424153566360474,7.492709954445676
454,-6.0969438552856445,0.11286389827728271,7.717418992996253
455,-3.8020973205566406,2.849384069442749,7.878487181458701
456,-4.484687328338623,1.6398303508758545,7.328356470617226
457,-5.9696221351623535,3.3590972423553467,7.309109958917521
458,-6.179336071014404,0.2705497145652771,7.719796362204603
459,-4.971876621246338,2.7618913650512695,7.342182908339627
460,-8.063492774963379,2.489333391189575,7.120186604630505
461,-5.016545295715332,4.637124061584473,7.017029150093888
462,-5.66497278213501,4.287489891052246,7.154775426941051
463,-7.562854766845703,2.3426103591918945,7.293743664569817
464,-7.011117935180664,5.740626335144043,8.082070333565715
465,-7.849049091339111,5.719159126281738,6.694840524802035
466,-6.919640064239502,9.384027481079102,7.312687114483287
467,-3.811683177947998,8.15876579284668,7.4386930744046
468,-6.491883277893066,6.276159286499023,7.5325501513700175
469,-9.05862045288086,6.100315093994141,7.268172879473846
470,-7.997156143188477,8.121084213256836,6.890673143796903
471,-7.175250053405762,12.898072242736816,7.428492039051663
472,-9.153388977050781,10.545540809631348,6.891699593707057
473,-7.843814849853516,13.47339153289795,6.462634374873345
474,-9.438262939453125,9.679000854492188,6.770671607628831
475,-9.56236743927002,10.654303550720215,6.948788308816258
476,-10.482159614562988,11.75970458984375,6.530984848772508
477,-12.718059539794922,15.690832138061523,7.205471609876986
478,-8.718646049499512,13.45500373840332,6.763745851962414
479,-11.766318321228027,12.40035629272461,7.163746734704879
480,-11.306764602661133,10.729158401489258,7.23574879299683
481,-11.631667137145996,13.579740524291992,7.309733406037273
482,-8.846217155456543,12.699911117553711,7.2004474560259695
483,-8.585125923156738,11.802212715148926,6.9034719106311435
484,-10.630510330200195,16.261335372924805,7.387132203230643
485,-10.133609771728516,18.925796508789062,6.661770367588683
486,-9.082284927368164,9.751282691955566,7.332533186402568
487,-10.945069313049316,14.939705848693848,6.973609981687634
488,-11.163832664489746,15.548590660095215,7.219009610084073
489,-11.019448280334473,20.565452575683594,7.128886534216732
490,-13.618900299072266,15.493202209472656,7.193567584880577
491,-15.93867015838623,18.94263458251953,7.317016949148662
492,-4.6411895751953125,19.537334442138672,6.723318414498788
493,-5.716591835021973,19.645219802856445,6.520308170521951
494,4.519706726074219,10.642356872558594,6.091529652591609
495,-8.253042221069336,21.236736297607422,6.847322026755767
496,-14.638578414916992,14.070011138916016,7.319003714773792
497,-12.0209321975708,18.107437133789062,6.059136494846294
498,-16.24795150756836,16.686534881591797,6.321276753005016
499,-15.897809982299805,15.449613571166992,6.717696320802345
500,-12.705729484558105,22.29427146911621,6.680845334983603
501,-11.030097961425781,17.45672607421875,6.265797313716195
502,-15.322999000549316,18.617473602294922,6.71807108308081
503,-17.46076011657715,23.066909790039062,6.772209566538091
504,-18.9160099029541,11.85049819946289,6.156051827650609
505,-11.272046089172363,16.978809356689453,6.924210963841095
506,-17.090595245361328,16.703330993652344,6.703803116273525
507,-18.710968017578125,18.868810653686523,6.417213064152044
508,-21.877532958984375,20.800249099731445,5.799277121797668
509,-20.86737823486328,21.141780853271484,5.671468806373964
510,-15.435403823852539,15.441139221191406,7.137645440201804
511,-21.175416946411133,13.628276824951172,5.749874405885729
512,-22.965791702270508,28.025821685791016,6.660700251081869
513,-3.330118179321289,24.925888061523438,6.020381958895559
514,-19.79766082763672,19.4898681640625,6.088500331690766
515,-14.921854019165039,14.64610481262207,6.478662480383477
516,-20.941059112548828,26.5681209564209,6.543453069776019
517,-22.545150756835938,18.958864212036133,6.685642054825983
518,-28.373779296875,18.955228805541992,6.9172325202748315
519,-18.861597061157227,31.67513656616211,6.267094126395324
520,-19.694021224975586,20.320606231689453,6.681704302549054
521,-23.79588508605957,15.197952270507812,6.8978865197559
522,69.94690704345703,7.8554463386535645,6.3887101298695335
523,18.429092407226562,8.694110870361328,6.535322390158381
524,-24.478200912475586,19.00063705444336,6.903893507790221
525,-24.767091751098633,22.774417877197266,6.939080691299454
526,-23.12590217590332,16.00068473815918,6.7068941010600565
527,-24.153032302856445,18.608104705810547,6.770588232463732
528,-7.094545364379883,23.703601837158203,6.9165156294488845
529,-30.34789276123047,17.884098052978516,6.8603684828328575
530,-8.466110229492188,14.028779029846191,7.269062040846958
531,-21.568477630615234,10.921394348144531,6.518964578058114
532,-13.958654403686523,23.720924377441406,6.375425037244566
533,-27.412353515625,21.071002960205078,6.744505620953099
534,-30.33171844482422,22.19816780090332,6.610404864868703
535,-28.555431365966797,29.33218002319336,7.2443895075337945
536,-25.97995376586914,18.78900909423828,6.044463361463021
537,-26.88210678100586,16.227453231811523,6.345766078579783
538,-19.700916290283203,27.58002471923828,7.42946405202538
539,-15.543601989746094,15.052330017089844,7.029287361025082
540,-34.526092529296875,23.74115562438965,6.540269052157845
541,17.759841918945312,31.013690948486328,6.921257323818465
542,-22.270530700683594,21.756935119628906,7.495370549928005
543,-27.61147117614746,25.017250061035156,7.229226864060367
544,-29.28582763671875,18.07000732421875,6.822300257330528
545,-26.04458999633789,14.07081127166748,6.766023194100289
546,-24.139564514160156,30.46563148498535,6.960041354564907
547,-30.93109703063965,11.579029083251953,7.4997715044272795
548,-18.143104553222656,20.059345245361328,6.626939963981808
549,-35.609527587890625,22.167633056640625,6.7171274004711465
550,-31.129228591918945,31.052234649658203,6.794171409960377
551,-11.053672790527344,18.97750473022461,7.729910888204202
552,9.758308410644531,49.459007263183594,6.438691898265857
553,-27.965267181396484,22.16619110107422,6.699520470769427
554,-27.901439666748047,23.62085723876953,6.979785007255743
555,-11.712102890014648,8.317373275756836,6.556870296551777
556,-32.38119888305664,31.51251220703125,6.382222722071002
557,-32.0919075012207,30.446788787841797,7.030448030641523
558,-32.60686492919922,25.300086975097656,7.0471254671362
559,-37.89073944091797,30.249042510986328,6.585741036133283
560,-43.58201217651367,23.270980834960938,7.019360543681152
561,-24.36553955078125,30.304105758666992,6.903516320743435
562,-40.298614501953125,30.69820213317871,6.538730854348806
563,-36.53606414794922,45.39955139160156,6.7952944218116675
564,-26.196083068847656,39.77874755859375,6.402061705196427
565,-48.1785888671875,35.0067138671875,6.548318098870237
566,-24.381755828857422,15.571023941040039,7.18547916483557
567,-31.989370346069336,28.281845092773438,6.494699143810498
568,-30.024946212768555,45.6412239074707,6.18614594416116
569,-39.901119232177734,40.85363006591797,6.412203949715818
570,-40.932743072509766,40.43305206298828,6.688394388459622
571,8.16805648803711,44.83345031738281,6.059083739460274
572,-38.88316345214844,24.615392684936523,6.9487209957794605
573,-51.268978118896484,30.69464111328125,6.949896880219313
574,-29.543973922729492,56.40086364746094,7.5751297663370885
575,-51.54819107055664,30.249794006347656,6.317189282272874
576,-34.57219696044922,4.320443153381348,6.524370513412155
577,-46.35267639160156,15.152620315551758,6.52920634336146
578,-39.16857147216797,33.83779525756836,7.039346562794416
579,-25.42852020263672,20.15178680419922,6.8797325778760925
580,-47.1276969909668,32.65741729736328,6.856918734414281
581,19.032791137695312,23.85725212097168,6.664827967365239
582,-25.113590240478516,43.80516052246094,6.232841899683073
583,-32.36767578125,31.85240936279297,7.471555612219834
584,-44.9556770324707,28.644027709960938,6.469767835541442
585,-49.45785903930664,46.068145751953125,6.997808557240789
586,-53.41055679321289,45.40119934082031,6.7560853380169785
587,-53.65385437011719,45.55288314819336,6.867138112603745
588,-38.1192512512207,13.338284492492676,6.657731586015016
589,-13.830589294433594,51.93614196777344,7.280168939141085
590,-53.82963943481445,33.23359680175781,6.870659585771495
591,-33.1619987487793,47.9453239440918,6.621890081536756
592,-38.555511474609375,12.265632629394531,5.838652950231432
593,-40.886878967285156,22.49801254272461,6.4370436619312645
594,-40.85563659667969,36.159812927246094,7.4500253121845095
595,-45.70308303833008,35.74580001831055,6.970210224638732
596,-30.28030776977539,43.28770446777344,7.545955616669444
597,8.100147247314453,59.25841522216797,6.5514463040323285
598,-27.589771270751953,24.460208892822266,7.7812246614077445
599,-40.54328918457031,33.747894287109375,6.383304315783081
600,-32.19975662231445,24.95652961730957,6.804125282158132
601,-49.650550842285156,46.46929168701172,6.177798168466238
602,-21.967336654663086,34.94511413574219,7.290070071407769
603,-30.367345809936523,37.52714157104492,6.425831809688903
604,-46.325862884521484,45.41594314575195,6.55923888660994
605,-52.014801025390625,52.39929962158203,6.868700236917352
606,-37.67975997924805,62.9806022644043,6.728029165703742
607,-12.389286041259766,19.481975555419922,5.571901777736534
608,-33.37854766845703,42.657901763916016,6.5834239591406005
609,-47.6419563293457,37.37638854980469,6.599382028589873
610,-42.883056640625,51.31503677368164,6.677057055094366
611,-36.66087341308594,13.243258476257324,5.954127147315348
612,-38.597557067871094,59.909889221191406,5.540546130603495
613,-63.68310546875,63.56847381591797,6.489024052765156
614,-11.779335021972656,69.72674560546875,6.660133649116449
615,-29.753334045410156,26.298297882080078,6.242636171420206
616,-50.05094528198242,38.6064453125,5.745597373063549
617,-54.025146484375,46.396522521972656,6.07461467574295
618,15.48891830444336,-15.365076065063477,5.920847211754625
619,-2.9378252029418945,-5.5707879066467285,5.742250447744659
620,-9.265226364135742,-18.543392181396484,6.043750236455626
621,-13.01784896850586,-28.32697105407715,6.0040695700270685
622,-19.47382926940918,9.894147872924805,6.368333689154766
623,-44.215087890625,24.9072265625,6.741896602401459
624,-57.42981719970703,32.90562438964844,6.51078046412835
625,-58.88661193847656,34.09676742553711,5.584721231015614
626,-54.901634216308594,41.824668884277344,5.980574179643163
627,-53.5604248046875,17.43771743774414,6.511051425654243
628,-54.28488540649414,47.56550598144531,6.188252347615637
629,-38.68776321411133,28.19656753540039,5.980497747808498
630,-43.35544204711914,63.303199768066406,5.892859651525674
631,-47.333900451660156,40.4598388671875,6.163823025340646
632,-30.928070068359375,57.52378463745117,6.5552887333546686
633,-47.931331634521484,22.811538696289062,5.972755866242663
634,-53.44992446899414,25.11105728149414,6.906850278861495
635,-28.314712524414062,52.728477478027344,6.362645073667842
636,-51.10745620727539,56.35174560546875,6.0464052686053495
637,-49.62542724609375,34.462646484375,5.946246327102257
638,-58.69422912597656,34.908180236816406,5.804992962441995
639,-23.776268005371094,102.31472778320312,6.3860688934046
640,-65.32632446289062,36.63854217529297,6.395440329287664
641,-67.30691528320312,57.136940002441406,7.657276184531591
642,-53.80302047729492,61.49313735961914,6.2103212888270445
643,-53.29648971557617,56.53105163574219,6.037020098755167
644,-9.559669494628906,16.860843658447266,5.066797759677641
645,-67.35509490966797,53.530029296875,6.215976718156789
646,-41.93523406982422,44.122772216796875,6.661716660475843
647,-56.276737213134766,62.6285514831543,6.34994477441537
648,-62.80202865600586,44.976505279541016,6.138782558985463
649,-53.822200775146484,51.41175079345703,5.861424412304002
650,-41.58956527709961,70.80525970458984,6.242578142466087
651,-61.79037094116211,64.9887924194336,6.105551941964152
652,-69.8988037109375,86.62409210205078,6.065273549258372
653,-47.409027099609375,32.43858337402344,6.92153794477187
654,-54.51073455810547,35.712181091308594,6.3191564224673105
655,6.7715301513671875,58.185089111328125,6.05874946280064
656,-55.431705474853516,63.53889083862305,6.226337662950487
657,-37.652828216552734,35.93543243408203,5.780074696057237
658,-78.23075103759766,66.96827697753906,6.1671158027917405
659,-28.386959075927734,61.37612533569336,5.1236853755383915
660,-59.89258575439453,49.329341888427734,6.4735998424190635
661,-71.42326354980469,19.461956024169922,5.492154568735241
662,-16.664142608642578,62.3182373046875,6.067950150572319
663,-56.39177322387695,60.91063690185547,6.889681719149757
664,-5.187248229980469,80.65291595458984,6.692501081847114
665,-49.005516052246094,82.43666076660156,5.144544049483802
666,14.891075134277344,102.8245620727539,6.22482829993352
667,-35.010772705078125,42.50322723388672,5.201680567562313
668,-72.30108642578125,113.16830444335938,6.031037242332986
669,-40.29897689819336,67.65377807617188,5.840825086642863
670,-69.89733123779297,67.80683898925781,5.454901573100331
671,-67.47067260742188,81.175537109375,5.870552830321298
672,-26.736297607421875,34.356300354003906,5.749456094779031
673,-79.70990753173828,72.39014434814453,5.666728981350896
674,-66.6312255859375,116.67115783691406,5.900657195573906
675,0.9302215576171875,57.25425720214844,5.847957468670135
676,-46.41391372680664,37.82258605957031,5.182569630782494
677,-50.203590393066406,26.445533752441406,6.385220557149828
678,-60.049896240234375,90.8592300415039,6.283432469547384
679,-49.27191925048828,104.73252868652344,6.649193749428587
680,-45.095726013183594,55.337615966796875,5.947652222533268
681,-63.28255081176758,72.60162353515625,6.493588586447911
682,-36.700828552246094,67.62236022949219,6.131730758266464
683,-48.6177978515625,71.981689453125,6.262122923303019
684,-70.88873291015625,71.67732238769531,5.243795549471116
685,-46.660789489746094,38.65399169921875,5.506387981270382
686,-67.05014038085938,99.04354858398438,5.433232903603401
687,-85.00174713134766,96.70648193359375,5.373050523388895
688,-54.410438537597656,99.96430969238281,6.946475902462518
689,-54.748329162597656,69.55672454833984,5.950149546952
690,-50.711585998535156,79.25624084472656,5.986675109536963
691,-67.02581787109375,84.03413391113281,6.2357008033653365
692,-48.25440216064453,65.10598754882812,6.147765107480265
693,-64.63159942626953,84.41920471191406,6.4008561942209585
694,-84.06036376953125,11.28918743133545,5.739290398926478
695,-66.61246490478516,100.62364196777344,5.945632599475332
696,-52.0212516784668,62.315338134765625,5.52146976472295
697,-54.59232711791992,51.87159729003906,5.723361306952515
698,-68.1202621459961,101.84373474121094,5.759099645393403
699,16.453262329101562,31.171550750732422,5.711542995490628
700,-81.88681030273438,91.8493423461914,6.746300498530259
701,-11.589351654052734,-45.72572326660156,5.521889297846842
702,-59.38840866088867,71.85102844238281,5.751598662034829
703,-52.616668701171875,56.86632537841797,6.939167684587675
704,-56.16489028930664,106.79763793945312,5.823331896367677
705,-68.70974731445312,123.00508117675781,6.456747416546818
706,8.131919860839844,37.303253173828125,6.33868674567314
707,-56.075592041015625,79.79084777832031,6.151977328578097
708,-59.19977569580078,91.19378662109375,5.967631761577649
709,-49.71919631958008,86.4168930053711,5.960479492132727
710,-60.492210388183594,70.04998779296875,5.97643084738383
711,-73.86225891113281,70.11186981201172,7.230138523929393
712,2.8616256713867188,115.47158813476562,6.257823884155716
713,587.1449584960938,154.540283203125,6.880640952021495
714,12.379020690917969,65.29963684082031,5.503277341859885
715,-22.49372100830078,74.23731994628906,5.788496108221613
716,-53.10085678100586,92.97156524658203,5.474597873585056
717,-30.23503303527832,40.62651824951172,6.685814024585383
718,-58.0857048034668,110.63323211669922,5.931481405285757
719,-57.16229248046875,128.38485717773438,6.043349480365787
720,-82.59378051757812,5.8573737144470215,5.880910522729566
721,-20.933639526367188,81.62258911132812,5.744926323987545
722,-60.57068634033203,59.44384002685547,6.29754962533425
723,6.863182067871094,92.38176727294922,6.141918774638243
724,-51.79148483276367,51.36080551147461,5.932482741157118
725,-62.838687896728516,99.01689910888672,6.0126855050862105
726,-7.22564697265625,104.61700439453125,6.15097610594329
727,-63.476318359375,50.87421798706055,6.085464714183671
728,-66.33704376220703,46.537269592285156,5.489937826876419
729,-52.599117279052734,141.1266632080078,5.430441743365009
730,-72.0290298461914,79.62985229492188,6.300399001869072
731,-51.06309509277344,94.65303802490234,5.686799393068641
732,-47.89169692993164,73.1721420288086,5.921435687108916
733,-30.674152374267578,82.4748764038086,5.923663305183913
734,-75.47840118408203,56.7015495300293,6.368854214392088
735,-36.49184799194336,53.71492004394531,6.105527128566745
736,-71.86579895019531,128.02786254882812,6.019175383238907
737,-73.27660369873047,62.173866271972656,5.894464608938284
738,-10.28497314453125,114.79398345947266,5.721565099713811
739,-43.755638122558594,72.09205627441406,5.867262170130543
740,-60.7320442199707,125.57701110839844,5.103187936712637
741,-53.40177917480469,125.62069702148438,6.314976760047828
742,-60.97557067871094,45.285858154296875,5.554980218661392
743,-11.586071014404297,132.1036834716797,6.199525006447861
744,-50.962867736816406,83.08944702148438,6.189248746401886
745,-42.78058624267578,107.08624267578125,5.906479380416874
746,-53.7260627746582,36.659034729003906,6.156867506916354
747,-5.2560577392578125,80.27322387695312,6.204238698190522
748,16.612194061279297,163.15170288085938,5.739433064084983
749,-58.0479850769043,49.980674743652344,6.066400916513167
750,-48.447998046875,87.44035339355469,5.863311373656925
751,-56.8226318359375,128.6549835205078,6.413092708231302
752,-59.594173431396484,61.25526809692383,5.734014110673083
753,-41.423431396484375,79.2774887084961,5.668420534336236
754,-60.435482025146484,85.85380554199219,6.976157837639042
755,-50.763916015625,45.35695266723633,5.331369992114547
756,-45.10563659667969,90.35897827148438,6.042361800522077
757,-59.68354034423828,129.27178955078125,6.435527631717277
758,-75.69924926757812,164.69444274902344,6.469234213308301
759,-53.89434051513672,116.05960083007812,5.668842093228351
760,-24.279632568359375,53.60742950439453,6.304355735155208
761,-49.32389450073242,115.77169799804688,5.547432403772884
762,-69.53057098388672,103.34637451171875,5.812501934653506
763,-54.501319885253906,50.813819885253906,6.15052212367435
764,-27.62372589111328,139.0908203125,6.8029463621719675
765,-68.04386901855469,44.8009033203125,6.145572209903639
766,-54.833091735839844,87.6870346069336,6.397004814842148
767,-66.5829849243164,64.14973449707031,6.045272926281858
768,-22.79677963256836,72.89151000976562,5.78397105040223
769,-66.19100189208984,113.75912475585938,5.99274912759115
770,-52.672672271728516,75.8734359741211,5.9990670738247704
771,-35.002384185791016,78.24916076660156,5.888785061292615
772,-37.47374725341797,70.67958068847656,6.3982437068963645
773,5.339073181152344,106.94268798828125,5.535949764176382
774,-18.013200759887695,-13.346105575561523,6.394637560296253
775,-35.64510726928711,32.48787307739258,6.07053413435575
776,-60.59764099121094,74.390625,5.728941246123522
777,-55.86933898925781,86.59898376464844,5.642134756225784
778,-68.8815689086914,146.03933715820312,5.7454136867609
779,-54.53940963745117,69.3560791015625,6.002811831719672
780,-54.38824462890625,75.68900299072266,5.856944915784146
781,31.063274383544922,150.95684814453125,6.257092620422763
782,-55.34037399291992,83.35020446777344,6.337881866487133
783,-58.065345764160156,125.7137451171875,5.765212382457045
784,-29.441246032714844,19.16590118408203,5.749338877614704
785,-32.52793884277344,124.31297302246094,5.904042819245266
786,-37.29558563232422,51.326778411865234,5.766342602912305
787,30.50261688232422,106.08334350585938,5.996720644294259
788,-51.683128356933594,67.05052185058594,6.114530228994811
789,-33.18132781982422,61.237510681152344,6.328161023006537
790,-48.24391174316406,134.74441528320312,5.822802073634414
791,27.404098510742188,85.1858901977539,5.315869914630884
792,-22.116565704345703,115.67070007324219,5.817895751678601
793,-66.92591857910156,99.37726593017578,5.93839908615914
794,249.85659790039062,84.88632202148438,5.4673241801107135
795,-30.728126525878906,71.71826171875,5.761461573149291
796,9.098312377929688,127.8212890625,5.976433409788026
797,-67.87841796875,102.68778228759766,6.30582361224017
798,-42.066898345947266,49.856483459472656,5.293326187063466
799,-29.430953979492188,54.71418762207031,5.652754513561299
800,-40.410064697265625,110.02041625976562,5.819618562199751
801,-33.91770935058594,150.17002868652344,5.917646654698907
802,-38.25168991088867,39.58232116699219,6.017662331874384
803,-41.45758056640625,83.2413330078125,5.996898281715967
804,-27.371448516845703,35.3674201965332,5.757280802975395
805,-46.2039794921875,84.4544677734375,5.5370436298184975
806,-35.233787536621094,150.9405975341797,5.788611442302623
807,-64.93925476074219,10.019990921020508,6.476962201814751
808,-61.48567581176758,68.091796875,6.8310833070010055
809,-36.36162567138672,90.79669189453125,6.474249806724272
810,-64.89083099365234,75.60111999511719,5.6112595582303415
811,-33.739227294921875,116.19593811035156,5.981918881770646
812,-58.00666046142578,148.19097900390625,6.179393569020989
813,-60.996822357177734,128.63702392578125,6.409798386401802
814,-48.8957633972168,152.49392700195312,6.0356878422917255
815,-39.040775299072266,97.39710998535156,5.620317929980862
816,-68.77686309814453,38.75239181518555,6.324842462032238
817,-44.3463020324707,3.3424429893493652,6.449903037665054
818,-51.99555206298828,78.67910766601562,6.005933383838348
819,-12.346981048583984,54.40193176269531,5.520287074881476
820,-49.776611328125,49.50017166137695,6.003978282786652
821,-60.87657928466797,143.91976928710938,5.778506066499659
822,-58.35285949707031,40.31048583984375,5.355638216609158
823,-49.860225677490234,120.96585083007812,5.0765970580163176
824,-44.151554107666016,7.049135684967041,6.047430854268119
825,-33.453147888183594,161.01153564453125,5.6397751708727695
826,-49.3773078918457,96.2328872680664,5.645780544065103
827,-62.5919303894043,113.15990447998047,5.506151133879742
828,4.417346954345703,114.06535339355469,5.840962185194054
829,-53.341373443603516,37.74484634399414,6.11208913705017
830,-63.756317138671875,126.84817504882812,5.974116588833644
831,-52.726985931396484,124.93072509765625,6.35942852354427
832,-39.282203674316406,94.94207000732422,6.164309438063309
833,-44.839881896972656,130.75686645507812,5.153366684264871
834,-40.05113983154297,125.46234893798828,5.663565293393419
835,-11.73825454711914,113.5432357788086,5.017408957708582
836,-61.87146759033203,74.06260681152344,5.6171015211746305
837,-53.40921401977539,101.71196746826172,5.157046487092069
838,-28.51120376586914,83.55078125,5.568523664062042
839,-49.76716232299805,73.82701110839844,5.755437395034111
840,-62.62163162231445,25.877857208251953,5.621979218675413
841,-64.75983428955078,44.600242614746094,5.729950696734372
842,-38.33300018310547,64.54129791259766,5.6280314358006756
843,-29.88296890258789,82.67266845703125,5.623294344564287
844,-78.45489501953125,138.21615600585938,5.681768418927505
845,-42.2034912109375,60.616146087646484,5.484127059685269
846,-53.30824661254883,86.69866180419922,5.978032132221605
847,9.296806335449219,173.948974609375,5.7948229012382875
848,-59.6424446105957,49.13306427001953,5.521544530034776
849,-36.912017822265625,117.23405456542969,6.079534969300578
850,-39.442501068115234,83.57232666015625,5.248812165285711
851,-40.758907318115234,-19.92324447631836,6.05654779706942
852,-61.12162399291992,33.01807403564453,6.59025641669773
853,-61.1439094543457,96.47006225585938,6.142786117378774
854,-53.83948516845703,86.84761047363281,6.298689813968744
855,-60.90822219848633,79.94108581542969,6.465420680496923
856,-69.35753631591797,138.46839904785156,5.670660564687209
857,-12.643665313720703,133.40875244140625,6.164444829954386
858,-39.768150329589844,56.93803405761719,5.1266822369008835
859,-64.29784393310547,144.0897216796875,5.952620785496073
860,-5.0959320068359375,123.76747131347656,6.092393042142719
861,-60.422019958496094,65.31651306152344,6.629676182233874
862,-38.39439010620117,34.560272216796875,5.940293369512276
863,-62.09977722167969,172.227783203125,5.786934737127525
864,-72.58372497558594,119.54963684082031,6.21023664863142
865,-29.921199798583984,50.90436553955078,6.059100715133372
866,-37.84526062011719,179.81094360351562,5.501765583211712
867,32.159278869628906,123.80386352539062,5.7740202596514525
868,-73.6712646484375,-0.8330954313278198,6.328063218627609
869,-68.89095306396484,74.11000061035156,5.577422184393005
870,-57.233009338378906,37.48796081542969,6.137950322731589
871,-62.98564147949219,61.176414489746094,6.044586478472174
872,-54.06243896484375,70.78742218017578,5.7343664716939475
873,-72.25628662109375,111.43523406982422,5.477677066549607
874,-37.02262878417969,74.5343017578125,6.064963639940769
875,-55.12503433227539,76.86770629882812,5.442346719321655
876,-51.560970306396484,166.90972900390625,5.650571240804511
877,-70.41971588134766,33.62578582763672,6.147845340186663
878,-41.610595703125,145.17208862304688,4.982479200873203
879,-71.17314910888672,132.7598114013672,5.396821503555998
880,-76.03960418701172,15.189950942993164,6.045108918647006
881,7.8199462890625,58.455169677734375,5.555080678208442
882,-60.05689239501953,62.73499298095703,4.879897924077826
883,-62.294132232666016,188.22500610351562,5.911726180109306
884,-50.71558380126953,134.60594177246094,5.443840198535112
885,-54.79347229003906,93.53953552246094,5.840976590727873
886,-43.370567321777344,52.6448974609375,5.70176284834508
887,-41.00506591796875,65.76882934570312,5.371044411481308
888,-41.37018585205078,175.6675262451172,5.755622967019185
889,-50.65729904174805,121.71686553955078,5.71932957925706
890,-40.63494110107422,79.84284973144531,6.352040240954944
891,-40.01258087158203,109.05096435546875,6.209667736259309
892,-58.99693298339844,136.86524963378906,6.186517604008652
893,-17.587108612060547,55.54610061645508,5.604541428301728
894,-68.32940673828125,80.14295959472656,5.560608137943963
895,-87.83563232421875,43.911537170410156,5.290159630826161
896,-73.66153717041016,67.36924743652344,5.2424134357272205
897,-56.85910415649414,57.625823974609375,6.328492796313531
898,-50.378082275390625,128.97854614257812,5.709246123585584
899,138.4466552734375,166.5005645751953,5.482336542811793
900,-60.90553283691406,98.21223449707031,6.571784490204275
901,-65.64556121826172,114.64791870117188,6.183038638990906
902,-29.175418853759766,183.85800170898438,5.844247884058783
903,-38.095008850097656,163.78189086914062,5.477955315369673
904,-27.01183319091797,75.39906311035156,6.3201874754984715
905,-27.702808380126953,68.96035766601562,5.803133627196554
906,-61.611331939697266,93.70695495605469,5.654928890260239
907,-58.594696044921875,75.54356384277344,5.8565510608327065
908,-76.24132537841797,115.57232666015625,5.492935303576444
909,-67.84705352783203,102.89903259277344,5.746952907160398
910,-77.18817138671875,130.90805053710938,5.843443125103281
911,-53.384674072265625,16.959266662597656,4.935962520867729
912,-86.11661529541016,188.2734832763672,6.011819990273128
913,-80.24091339111328,175.2952880859375,5.396453339556839
914,-55.7584342956543,83.90931701660156,5.539864777404335
915,-59.92574691772461,73.15748596191406,6.10465848504258
916,-27.337783813476562,135.42324829101562,5.67738329093327
917,-48.43257141113281,51.56678009033203,5.935200294261854
918,-50.092464447021484,21.54936408996582,6.8462587381921525
919,-72.88480377197266,54.61058807373047,5.695985642082292
920,-62.89704513549805,48.040245056152344,5.548097764431066
921,-75.00272369384766,109.4489517211914,5.8804909280718975
922,-66.91442108154297,38.40231704711914,5.718231324927298
923,-58.22843551635742,79.51957702636719,5.501777528177858
924,-45.49095916748047,81.24172973632812,5.738691159396266
925,-35.979496002197266,129.33506774902344,5.1200774792490344
926,-40.824867248535156,177.83908081054688,5.44192754963718
927,-76.98719787597656,53.78184127807617,5.5933048698060075
928,-40.09907531738281,147.62998962402344,5.542038528496434
929,46.25224685668945,56.222530364990234,5.509677586091675
930,-15.04555892944336,97.03546142578125,5.603182588808689
931,-64.20784759521484,44.87316131591797,5.657942939312544
932,-66.83817291259766,55.78874969482422,5.836315665964392
933,-45.260459899902344,65.35861206054688,5.48665535153135
934,-88.02249908447266,95.19038391113281,5.326528518556287
935,-70.35113525390625,102.28031921386719,6.15581842307309
936,7.122154235839844,54.5754280090332,5.779949792207414
937,-45.592735290527344,51.656131744384766,5.524805457323389
938,-41.68962860107422,127.11062622070312,5.236075978531027
939,-67.55396270751953,38.89185333251953,5.428264853082844
940,-51.85188293457031,95.77320861816406,4.899794959744484
941,-53.128440856933594,52.07255172729492,4.733192988956654
942,-69.17615509033203,43.6741943359375,6.289217294906594
943,-56.962867736816406,101.76324462890625,5.141730203223348
944,-74.79159545898438,9.669963836669922,6.035071733952462
945,-74.15120697021484,96.84162139892578,5.581409873901243
946,-73.36009979248047,33.459373474121094,5.998423173054448
947,-57.9226188659668,52.204872131347656,5.280001888136026
948,-51.141937255859375,162.6855010986328,6.2264788024558015
949,-58.330535888671875,61.94089889526367,5.8523211175415355
950,-59.06404113769531,108.85249328613281,5.255776845544073
951,11.585357666015625,111.056396484375,5.718586271215097
952,-61.986717224121094,99.69911193847656,5.066225049663008
953,13.198898315429688,153.9420166015625,5.0691958158103585
954,-7.3656463623046875,87.72046661376953,4.871556371016217
955,-47.57855224609375,112.86451721191406,4.852512724431197
956,-47.011474609375,135.93695068359375,4.933675995690593
957,-70.6837387084961,131.26083374023438,5.754519880017095
958,-28.3448486328125,101.3905029296875,5.33423742034464
959,147.32394409179688,-7.43129825592041,5.673619595580205
960,-63.26369857788086,56.64398193359375,5.524029131804923
961,-56.45283508300781,34.85441589355469,6.116550039325518
962,-60.70789337158203,134.74835205078125,6.351915914874305
963,-66.90123748779297,99.64491271972656,5.352906233802461
964,-49.59455871582031,145.04940795898438,5.727745701697517
965,-43.947452545166016,78.6591796875,5.798786628852416
966,-83.16098022460938,151.01211547851562,5.5313217149136005
967,-65.35358428955078,119.93368530273438,4.929617969746487
968,-51.692047119140625,81.66680908203125,5.4936872889558455
969,-94.9402084350586,168.1722412109375,5.8489412215632814
970,13.31402587890625,128.17626953125,5.231182824200501
971,-69.33301544189453,85.09808349609375,5.421847166689165
972,-70.568115234375,125.39161682128906,6.128946893383944
973,-60.957359313964844,136.25503540039062,6.728733583615842
974,-53.6234016418457,75.23219299316406,5.96676444014804
975,-69.43344116210938,1.8305673599243164,6.185660844136802
976,-89.102294921875,110.20356750488281,5.970859657387181
977,10.677040100097656,128.4683837890625,5.78757207380344
978,-64.8441390991211,126.83793640136719,5.5417626350124225
979,-57.68297576904297,110.64519500732422,4.934051288691267
980,-70.60050964355469,106.84458923339844,5.372807903588725
981,-40.249481201171875,58.12108612060547,5.429085238189985
982,-53.91788101196289,69.90992736816406,5.634873666700473
983,-54.857521057128906,164.6259307861328,5.756424280932966
984,-70.10476684570312,81.46629333496094,6.042164863830966
985,-39.102054595947266,186.8278045654297,5.735420332610549
986,-76.39106750488281,64.0272445678711,5.269424062438071
987,-62.56153869628906,169.41990661621094,4.831207158041253
988,-55.183712005615234,22.717506408691406,5.815534052121033
989,-76.07159423828125,177.06307983398438,5.344918211043868
990,-70.9795150756836,99.73506164550781,5.4174886588194235
991,-84.99958801269531,166.85696411132812,5.759463797807632
992,-64.40496826171875,52.294822692871094,5.080524227643898
993,-83.06668853759766,145.66448974609375,5.443791692051553
994,-61.59151077270508,106.63874816894531,5.675073809500773
995,-72.05715942382812,80.25949096679688,5.7913150633234425
996,-79.96331024169922,140.7259063720703,5.617700730071312
997,-67.52490997314453,117.7882080078125,5.793627756450438
998,-2.2556838989257812,-86.87606811523438,5.379487125142517
999,-25.903343200683594,-75.27116394042969,5.132884308884327
1000,-47.422420501708984,48.74909973144531,5.781090224208304
1001,-65.09675598144531,119.09104919433594,5.230935915504736
1002,-51.56967544555664,115.9448013305664,5.476429506534388
1003,-65.5460205078125,114.51708221435547,6.234723876652243
1004,-74.93844604492188,154.44044494628906,5.755633195626891
1005,-56.708553314208984,79.81228637695312,6.223675871037147
1006,0.14781951904296875,108.75968933105469,6.03337321335513
1007,-50.46411895751953,127.41071319580078,5.752769639281778
1008,-78.22322082519531,138.43186950683594,5.769627037342583
1009,-19.6903076171875,201.43630981445312,5.087306671007781
1010,-61.36460876464844,54.94790267944336,5.899201483636848
1011,-72.18052673339844,52.76457214355469,5.800152472020709
1012,-67.67463684082031,68.54808807373047,4.995025874743629
1013,-48.82018280029297,157.42437744140625,6.195290152776897
1014,-40.97624969482422,128.7537384033203,5.913034073047304
1015,24.27007293701172,102.93490600585938,5.629601521354067
1016,-76.65534210205078,105.93647766113281,6.004191289332542
1017,-14.040351867675781,80.30174255371094,5.807767930473627
1018,-30.29212188720703,172.61740112304688,5.330152272510997
1019,-20.872596740722656,66.82032775878906,4.887070969358431
1020,-47.93219757080078,37.866172790527344,6.236091962024002
1021,-84.97303771972656,124.66691589355469,5.094054551544154
1022,-24.424827575683594,48.94365692138672,5.018701958176896
1023,-64.68970489501953,37.36286544799805,5.4645028317683995
1024,-76.62431335449219,77.25581359863281,5.5581290559807695
1025,-68.42576599121094,66.35978698730469,5.391863103784608
1026,-37.19040298461914,29.034055709838867,4.734802575612828
1027,-67.1292953491211,105.43252563476562,6.565347223249761
1028,-82.52851867675781,29.287822723388672,5.09130331330355
1029,-103.59574127197266,126.82109069824219,5.517657978415426
1030,-68.87983703613281,69.2689208984375,5.360298364106847
1031,244.7076416015625,23.089664459228516,5.8090621418989254
1032,-90.05668640136719,25.920101165771484,6.051355212859125
1033,-60.60932159423828,79.08893585205078,5.508594731950741
1034,-117.9111328125,123.26863098144531,5.803461600436522
1035,-53.8675651550293,35.42189025878906,5.496246848983652
1036,-68.40847778320312,96.72430419921875,5.908477341820795
1037,-87.69061279296875,70.6856689453125,5.155592433317501
1038,-58.286678314208984,113.75413513183594,5.428455479413053
1039,-75.08682250976562,217.1853485107422,5.667094060480814
1040,-96.45677947998047,166.25198364257812,5.5888778085715805
1041,-88.45401763916016,69.60199737548828,5.293333193341559
1042,-57.07152557373047,73.24906921386719,5.250154695184268
1043,-85.38685607910156,162.3220672607422,5.8118969493375054
1044,-92.8442153930664,105.50625610351562,6.042541054494448
1045,-92.0443115234375,85.84051513671875,5.102896229029778
1046,-39.995670318603516,167.46170043945312,5.5142176506493845
1047,-101.11039733886719,91.28324890136719,6.214335614662759
1048,55.37225341796875,149.9134979248047,5.422133138149244
1049,-74.59320068359375,107.46305847167969,6.207240691356341
1050,-68.13490295410156,132.66957092285156,5.119673981979891
1051,-76.33354949951172,84.56024169921875,5.3682519343830215
1052,-34.0086555480957,142.32240295410156,4.894856293145309
